<assembly xmlns="http://maven.apache.org/plugins/maven-assembly-plugin/assembly/1.1.0" xmlns:xsi="http://www.w3.org/2001/XMLSchema-instance"
  xsi:schemaLocation="http://maven.apache.org/plugins/maven-assembly-plugin/assembly/1.1.0 http://maven.apache.org/xsd/assembly-1.1.0.xsd">
  <id>src</id>
  <formats>
    <format>zip</format>
  </formats>
  <includeBaseDirectory>false</includeBaseDirectory>
<baseDirectory>${project.basedir}/src</baseDirectory>
  <fileSets>
    <fileSet>
        <directory>${project.basedir}/src</directory>
        <useDefaultExcludes>true</useDefaultExcludes>
    </fileSet>
    <fileSet>
    	<includes>
			<include>pom.xml</include>    
    	</includes>
    </fileSet>
  </fileSets>
</assembly>

